Species,Year,Trophic_Level,Value
Transient_orca,1990,III,2.256e-05
Transient_orca,1990,IV,0.0005674
Transient_orca,1990,V,0.002871
Transient_orca,1990,VI,0.00112
Transient_orca,1990,VII,0.0001755
Transient_orca,1990,VIII,1.995e-05
Transient_orca,1990,IX,1.21e-06
Transient_orca,1990,X,3e-08
Salmon_sharks,1990,III,0.05439
Salmon_sharks,1990,IV,0.3938
Salmon_sharks,1990,V,0.4613
Salmon_sharks,1990,VI,0.1319
Salmon_sharks,1990,VII,0.01466
Salmon_sharks,1990,VIII,0.001119
Salmon_sharks,1990,IX,2.747e-05
Resident_orca,1990,III,0.002925
Resident_orca,1990,IV,0.0421
Resident_orca,1990,V,0.04386
Resident_orca,1990,VI,0.01277
Resident_orca,1990,VII,0.001497
Resident_orca,1990,VIII,9.67e-05
Sleeper_sharks,1990,II,0.01789
Sleeper_sharks,1990,III,0.005806
Sleeper_sharks,1990,IV,0.09233
Sleeper_sharks,1990,V,0.1446
Sleeper_sharks,1990,VI,0.04757
Sleeper_sharks,1990,VII,0.005974
Sleeper_sharks,1990,VIII,0.0004771
Sleeper_sharks,1990,IX,1.275e-05
Sleeper_sharks,1990,X,5.1e-07
Halibut,1990,II,0.02104
Halibut,1990,III,0.09373
Halibut,1990,IV,0.3997
Halibut,1990,V,0.228
Halibut,1990,VI,0.03124
Halibut,1990,VII,0.002384
Halibut,1990,VIII,4.125e-05
Halibut,1990,IX,1.27e-06
Pinnipeds,1990,III,0.002971
Pinnipeds,1990,IV,1.0482
Pinnipeds,1990,V,0.3768
Pinnipeds,1990,VI,0.04068
Pinnipeds,1990,VII,0.003474
Pinnipeds,1990,VIII,9.295e-05
Pinnipeds,1990,IX,2.92e-06
Porpoise,1990,III,0.007836
Porpoise,1990,IV,0.2124
Porpoise,1990,V,0.1062
Porpoise,1990,VI,0.02119
Porpoise,1990,VII,0.002697
Porpoise,1990,VIII,0.0001959
Porpoise,1990,IX,6.2e-06
Lingcod,1990,III,0.02855
Lingcod,1990,IV,0.1284
Lingcod,1990,V,0.03496
Lingcod,1990,VI,0.003775
Lingcod,1990,VII,0.0002888
Lingcod,1990,VIII,3.42e-06
Arrowtooth_L,1990,III,0.7548
Arrowtooth_L,1990,IV,2.0697
Arrowtooth_L,1990,V,0.7876
Arrowtooth_L,1990,VI,0.09764
Arrowtooth_L,1990,VII,0.008308
Arrowtooth_L,1990,VIII,0.0001932
Arrowtooth_L,1990,IX,9.08e-06
Salmon_L,1990,IV,27.765
Salmon_L,1990,V,3.5019
Salmon_L,1990,VI,0.07829
Pacific_cod,1990,II,0.02483
Pacific_cod,1990,III,0.2735
Pacific_cod,1990,IV,0.3977
Pacific_cod,1990,V,0.1234
Pacific_cod,1990,VI,0.01743
Pacific_cod,1990,VII,0.00123
Pacific_cod,1990,VIII,4.851e-05
Pacific_cod,1990,IX,1.49e-06
Sablefish,1990,II,0.3284
Sablefish,1990,III,0.2836
Sablefish,1990,IV,1.2116
Sablefish,1990,V,0.5396
Sablefish,1990,VI,0.06342
Sablefish,1990,VII,0.005246
Sablefish,1990,VIII,0.0001337
Sablefish,1990,IX,3.87e-06
Arrowtooth_S,1990,III,0.1909
Arrowtooth_S,1990,IV,0.3822
Arrowtooth_S,1990,V,0.06996
Arrowtooth_S,1990,VI,0.005328
Arrowtooth_S,1990,VII,0.0001614
Spiny_dogfish,1990,II,0.005509
Spiny_dogfish,1990,III,0.1264
Spiny_dogfish,1990,IV,0.2019
Spiny_dogfish,1990,V,0.04503
Spiny_dogfish,1990,VI,0.005879
Spiny_dogfish,1990,VII,0.0006557
Spiny_dogfish,1990,VIII,3.604e-05
Spiny_dogfish,1990,IX,1.34e-06
Avian_raptors,1990,II,0.06209
Avian_raptors,1990,III,0.01393
Avian_raptors,1990,IV,0.01487
Avian_raptors,1990,V,0.004619
Avian_raptors,1990,VI,0.0007503
Avian_raptors,1990,VII,5.373e-05
Avian_raptors,1990,VIII,3.01e-06
Octopods,1990,II,0.04232
Octopods,1990,III,0.6206
Octopods,1990,IV,0.4576
Octopods,1990,V,0.109
Octopods,1990,VI,0.01916
Octopods,1990,VII,0.001705
Octopods,1990,VIII,0.0001017
Octopods,1990,IX,2.57e-06
Seabirds,1990,II,0.482
Seabirds,1990,III,0.4889
Seabirds,1990,IV,1.3171
Seabirds,1990,V,0.3208
Seabirds,1990,VI,0.02949
Seabirds,1990,VII,0.002133
Deep_demersals,1990,II,0.4397
Deep_demersals,1990,III,0.9637
Deep_demersals,1990,IV,0.8457
Deep_demersals,1990,V,0.2129
Deep_demersals,1990,VI,0.02345
Deep_demersals,1990,VII,0.001534
Deep_demersals,1990,VIII,5.545e-05
Pollock_L,1990,III,3.9009
Pollock_L,1990,IV,3.4993
Pollock_L,1990,V,0.4496
Pollock_L,1990,VI,0.03275
Pollock_L,1990,VII,8.24e-06
Rockfish,1990,III,1.356
Rockfish,1990,IV,1.2504
Rockfish,1990,V,0.2301
Rockfish,1990,VI,0.01955
Rockfish,1990,VII,0.0009464
Rockfish,1990,VIII,5.568e-05
Baleen_whales,1990,III,0.8293
Baleen_whales,1990,IV,0.4561
Baleen_whales,1990,V,0.007162
Baleen_whales,1990,VI,9.79e-06
Salmon_fry_S,1990,III,12.706
Salmon_fry_S,1990,IV,2.5421
Salmon_fry_S,1990,V,0.1205
Salmon_fry_S,1990,VI,2.06e-05
Nshore_demersal,1990,III,10.322
Nshore_demersal,1990,IV,2.6451
Nshore_demersal,1990,V,0.2627
Nshore_demersal,1990,VI,0.02077
Squids,1990,III,24.25
Squids,1990,IV,7.8699
Squids,1990,V,0.01093
Eulachon,1990,III,11.436
Eulachon,1990,IV,3.7351
Eulachon,1990,V,6.746e-05
Sea_otters,1990,III,3.3433
Sea_otters,1990,IV,0.497
Sea_otters,1990,V,0.04456
Sea_otters,1990,VI,0.003743
Sea_otters,1990,VII,7.989e-05
Deep _epibenthos,1990,II,46.446
Deep _epibenthos,1990,III,79.861
Deep _epibenthos,1990,IV,14.076
Deep _epibenthos,1990,V,1.6716
Deep _epibenthos,1990,VI,0.0004374
Capelin,1990,III,5.2214
Capelin,1990,IV,0.5952
Capelin,1990,V,0.0004245
Herring_L,1990,III,7.3774
Herring_L,1990,IV,0.7354
Herring_L,1990,V,0.001448
Pollock_S,1990,III,2.4313
Pollock_S,1990,IV,0.1703
Invert_eat_seaduck,1990,III,0.03001
Invert_eat_seaduck,1990,IV,0.002829
Invert_eat_seaduck,1990,V,3.431e-05
Oystercatchers,1990,III,0.03373
Oystercatchers,1990,IV,0.002738
Oystercatchers,1990,V,5.776e-05
Sandlance,1990,III,7.3333
Sandlance,1990,IV,0.4255
Sandlance,1990,V,0.001039
Sunflower_stars,1990,II,0.03839
Sunflower_stars,1990,III,2.4202
Sunflower_stars,1990,IV,0.1824
Sunflower_stars,1990,V,0.0007526
Pisaster_Evasterias,1990,III,5.5774
Pisaster_Evasterias,1990,IV,0.7453
Pisaster_Evasterias,1990,V,0.003008
Leather_stars,1990,III,6.3799
Leather_stars,1990,IV,0.5758
Leather_stars,1990,V,0.01408
Cucumbers,1990,II,1.342
Urchins,1990,II,1.288
Helmet_crab,1990,II,4.2519
Helmet_crab,1990,III,1.6402
Helmet_crab,1990,IV,0.1495
Helmet_crab,1990,V,0.003733
Herring_S,1990,III,11.28
Herring_S,1990,IV,0.2724
Jellies,1990,II,8.5127
Jellies,1990,III,69.908
Jellies,1990,IV,4.5011
Deep_infauna_S,1990,II,563.46
Deep_infauna_S,1990,III,113.02
Deep_infauna_S,1990,IV,15.414
Zoopl_near_onmiv,1990,II,1.0022
Zoopl_near_onmiv,1990,III,0.346
Zoop_omniv,1990,II,186.39
Zoop_omniv,1990,III,61.317
Shallow_infauna_S,1990,II,682.98
Meiofauna,1990,II,59.924
Deep_infauna_L,1990,II,353.93
Deep_infauna_L,1990,III,40.016
Snail_crust_S,1990,II,103.16
Snail_crust_S,1990,III,9.4034
Snail_crust_S,1990,IV,0.2348
Mussels,1990,II,52.939
Mussels,1990,III,5.4729
Barnacles,1990,II,48.009
Barnacles,1990,III,8.0114
Shallow_infauna_clams,1990,II,162.69
Shallow_infauna_clams,1990,III,7.9683
Zoopl_near_herb,1990,II,110.61
Zoopl_herb,1990,II,636.68
Total,1990,II,3025.1
Total,1990,III,517.11
Total,1990,IV,97.559
Total,1990,V,9.9351
Total,1990,VI,0.7084
Total,1990,VII,0.05321
Total,1990,VIII,0.002673
Total,1990,IX,7.017e-05
Total,1990,X,5.5e-07
Transient_orca,1997 MHW,III,1.931e-05
Transient_orca,1997 MHW,IV,0.0004021
Transient_orca,1997 MHW,V,0.002985
Transient_orca,1997 MHW,VI,0.001197
Transient_orca,1997 MHW,VII,0.000156
Transient_orca,1997 MHW,VIII,1.794e-05
Transient_orca,1997 MHW,IX,8e-07
Transient_orca,1997 MHW,X,2e-08
Salmon_sharks,1997 MHW,III,0.05716
Salmon_sharks,1997 MHW,IV,0.4236
Salmon_sharks,1997 MHW,V,0.4181
Salmon_sharks,1997 MHW,VI,0.1251
Salmon_sharks,1997 MHW,VII,0.01499
Salmon_sharks,1997 MHW,VIII,0.001304
Salmon_sharks,1997 MHW,IX,2.582e-05
Resident_orca,1997 MHW,III,0.00282
Resident_orca,1997 MHW,IV,0.0478
Resident_orca,1997 MHW,V,0.03954
Resident_orca,1997 MHW,VI,0.01148
Resident_orca,1997 MHW,VII,0.001503
Resident_orca,1997 MHW,VIII,0.0001051
Resident_orca,1997 MHW,IX,1.82e-06
Sleeper_sharks,1997 MHW,II,0.02563
Sleeper_sharks,1997 MHW,III,0.007118
Sleeper_sharks,1997 MHW,IV,0.1033
Sleeper_sharks,1997 MHW,V,0.1318
Sleeper_sharks,1997 MHW,VI,0.0411
Sleeper_sharks,1997 MHW,VII,0.005308
Sleeper_sharks,1997 MHW,VIII,0.0004325
Sleeper_sharks,1997 MHW,IX,4.22e-06
Halibut,1997 MHW,II,0.02182
Halibut,1997 MHW,III,0.09661
Halibut,1997 MHW,IV,0.4137
Halibut,1997 MHW,V,0.2349
Halibut,1997 MHW,VI,0.03467
Halibut,1997 MHW,VII,0.003116
Halibut,1997 MHW,VIII,3.856e-05
Halibut,1997 MHW,IX,1.01e-06
Pinnipeds,1997 MHW,III,0.002764
Pinnipeds,1997 MHW,IV,1.0216
Pinnipeds,1997 MHW,V,0.3987
Pinnipeds,1997 MHW,VI,0.04392
Pinnipeds,1997 MHW,VII,0.004475
Pinnipeds,1997 MHW,VIII,9.153e-05
Pinnipeds,1997 MHW,IX,2.12e-06
Porpoise,1997 MHW,III,0.007297
Porpoise,1997 MHW,IV,0.2093
Porpoise,1997 MHW,V,0.1092
Porpoise,1997 MHW,VI,0.02068
Porpoise,1997 MHW,VII,0.002861
Porpoise,1997 MHW,VIII,0.0002182
Porpoise,1997 MHW,IX,5.29e-06
Lingcod,1997 MHW,III,0.0376
Lingcod,1997 MHW,IV,0.1064
Lingcod,1997 MHW,V,0.03043
Lingcod,1997 MHW,VI,0.003383
Lingcod,1997 MHW,VII,0.0003214
Lingcod,1997 MHW,VIII,2.21e-06
Arrowtooth_L,1997 MHW,III,0.8541
Arrowtooth_L,1997 MHW,IV,1.9606
Arrowtooth_L,1997 MHW,V,0.7438
Arrowtooth_L,1997 MHW,VI,0.09691
Arrowtooth_L,1997 MHW,VII,0.008986
Arrowtooth_L,1997 MHW,VIII,5.015e-05
Salmon_L,1997 MHW,IV,28.125
Salmon_L,1997 MHW,V,4.7879
Pacific_cod,1997 MHW,II,0.02623
Pacific_cod,1997 MHW,III,0.2781
Pacific_cod,1997 MHW,IV,0.3738
Pacific_cod,1997 MHW,V,0.1225
Pacific_cod,1997 MHW,VI,0.01854
Pacific_cod,1997 MHW,VII,0.001329
Pacific_cod,1997 MHW,VIII,4.329e-05
Pacific_cod,1997 MHW,IX,1.22e-06
Sablefish,1997 MHW,II,0.3244
Sablefish,1997 MHW,III,0.2962
Sablefish,1997 MHW,IV,1.1308
Sablefish,1997 MHW,V,0.529
Sablefish,1997 MHW,VI,0.06491
Sablefish,1997 MHW,VII,0.006119
Sablefish,1997 MHW,VIII,0.0001107
Arrowtooth_S,1997 MHW,III,0.2188
Arrowtooth_S,1997 MHW,IV,0.3273
Arrowtooth_S,1997 MHW,V,0.07665
Arrowtooth_S,1997 MHW,VI,0.006945
Arrowtooth_S,1997 MHW,VII,0.0002522
Spiny_dogfish,1997 MHW,II,0.006345
Spiny_dogfish,1997 MHW,III,0.1514
Spiny_dogfish,1997 MHW,IV,0.1768
Spiny_dogfish,1997 MHW,V,0.03893
Spiny_dogfish,1997 MHW,VI,0.005145
Spiny_dogfish,1997 MHW,VII,0.0005954
Spiny_dogfish,1997 MHW,VIII,2.878e-05
Spiny_dogfish,1997 MHW,IX,7.8e-07
Avian_raptors,1997 MHW,II,0.06594
Avian_raptors,1997 MHW,III,0.01382
Avian_raptors,1997 MHW,IV,0.01272
Avian_raptors,1997 MHW,V,0.003206
Avian_raptors,1997 MHW,VI,0.0005864
Avian_raptors,1997 MHW,VII,4.207e-05
Avian_raptors,1997 MHW,VIII,2.83e-06
Octopods,1997 MHW,II,0.03939
Octopods,1997 MHW,III,0.5513
Octopods,1997 MHW,IV,0.3373
Octopods,1997 MHW,V,0.08166
Octopods,1997 MHW,VI,0.01471
Octopods,1997 MHW,VII,0.001196
Octopods,1997 MHW,VIII,6.882e-05
Octopods,1997 MHW,IX,1.55e-06
Seabirds,1997 MHW,II,0.6111
Seabirds,1997 MHW,III,0.5669
Seabirds,1997 MHW,IV,1.0924
Seabirds,1997 MHW,V,0.3307
Seabirds,1997 MHW,VI,0.03376
Seabirds,1997 MHW,VII,0.003121
Seabirds,1997 MHW,VIII,4.53e-06
Deep_demersals,1997 MHW,II,0.4928
Deep_demersals,1997 MHW,III,1.0
Deep_demersals,1997 MHW,IV,0.7464
Deep_demersals,1997 MHW,V,0.1707
Deep_demersals,1997 MHW,VI,0.01876
Deep_demersals,1997 MHW,VII,0.00111
Deep_demersals,1997 MHW,VIII,3.517e-05
Pollock_L,1997 MHW,III,4.1278
Pollock_L,1997 MHW,IV,3.0786
Pollock_L,1997 MHW,V,0.4344
Pollock_L,1997 MHW,VI,0.04007
Pollock_L,1997 MHW,VII,1.46e-05
Rockfish,1997 MHW,III,1.3695
Rockfish,1997 MHW,IV,1.0917
Rockfish,1997 MHW,V,0.2142
Rockfish,1997 MHW,VI,0.01988
Rockfish,1997 MHW,VII,0.0007672
Rockfish,1997 MHW,VIII,3.982e-05
Baleen_whales,1997 MHW,III,0.9517
Baleen_whales,1997 MHW,IV,0.34
Baleen_whales,1997 MHW,V,0.0006446
Salmon_fry_S,1997 MHW,III,12.975
Salmon_fry_S,1997 MHW,IV,2.3165
Salmon_fry_S,1997 MHW,V,0.1111
Nshore_demersal,1997 MHW,III,9.5301
Nshore_demersal,1997 MHW,IV,2.106
Nshore_demersal,1997 MHW,V,0.2312
Nshore_demersal,1997 MHW,VI,0.02542
Nshore_demersal,1997 MHW,VII,0.0001037
Squids,1997 MHW,III,25.695
Squids,1997 MHW,IV,8.8321
Squids,1997 MHW,V,0.01008
Eulachon,1997 MHW,III,11.4
Eulachon,1997 MHW,IV,3.9587
Eulachon,1997 MHW,V,3.495e-05
Sea_otters,1997 MHW,III,3.3747
Sea_otters,1997 MHW,IV,0.466
Sea_otters,1997 MHW,V,0.04371
Sea_otters,1997 MHW,VI,0.004753
Sea_otters,1997 MHW,VII,8.362e-05
Deep _epibenthos,1997 MHW,II,58.829
Deep _epibenthos,1997 MHW,III,94.88
Deep _epibenthos,1997 MHW,IV,18.75
Deep _epibenthos,1997 MHW,V,2.6697
Deep _epibenthos,1997 MHW,VI,0.0009966
Capelin,1997 MHW,III,5.1472
Capelin,1997 MHW,IV,0.6538
Capelin,1997 MHW,V,0.0002316
Herring_L,1997 MHW,III,6.6316
Herring_L,1997 MHW,IV,0.7321
Herring_L,1997 MHW,V,0.0007341
Pollock_S,1997 MHW,III,2.3404
Pollock_S,1997 MHW,IV,0.1854
Invert_eat_seaduck,1997 MHW,III,0.03013
Invert_eat_seaduck,1997 MHW,IV,0.002695
Invert_eat_seaduck,1997 MHW,V,3.047e-05
Oystercatchers,1997 MHW,III,0.03379
Oystercatchers,1997 MHW,IV,0.002601
Oystercatchers,1997 MHW,V,3.928e-05
Sandlance,1997 MHW,III,6.9553
Sandlance,1997 MHW,IV,0.4473
Sandlance,1997 MHW,V,0.0005609
Sunflower_stars,1997 MHW,II,0.04834
Sunflower_stars,1997 MHW,III,2.1121
Sunflower_stars,1997 MHW,IV,0.1444
Sunflower_stars,1997 MHW,V,0.0005489
Pisaster_Evasterias,1997 MHW,III,5.33
Pisaster_Evasterias,1997 MHW,IV,0.7278
Pisaster_Evasterias,1997 MHW,V,0.002433
Leather_stars,1997 MHW,III,6.1283
Leather_stars,1997 MHW,IV,0.5343
Leather_stars,1997 MHW,V,0.008616
Cucumbers,1997 MHW,II,1.3269
Urchins,1997 MHW,II,1.2253
Helmet_crab,1997 MHW,II,4.2827
Helmet_crab,1997 MHW,III,1.4666
Helmet_crab,1997 MHW,IV,0.1292
Helmet_crab,1997 MHW,V,0.0021
Herring_S,1997 MHW,III,9.3216
Herring_S,1997 MHW,IV,0.254
Jellies,1997 MHW,II,7.9716
Jellies,1997 MHW,III,70.341
Jellies,1997 MHW,IV,5.1267
Deep_infauna_S,1997 MHW,II,537.09
Deep_infauna_S,1997 MHW,III,111.74
Deep_infauna_S,1997 MHW,IV,16.973
Zoopl_near_onmiv,1997 MHW,II,1.0297
Zoopl_near_onmiv,1997 MHW,III,0.3457
Zoop_omniv,1997 MHW,II,199.02
Zoop_omniv,1997 MHW,III,69.597
Shallow_infauna_S,1997 MHW,II,672.21
Meiofauna,1997 MHW,II,57.372
Deep_infauna_L,1997 MHW,II,351.36
Deep_infauna_L,1997 MHW,III,39.814
Snail_crust_S,1997 MHW,II,103.58
Snail_crust_S,1997 MHW,III,9.1237
Snail_crust_S,1997 MHW,IV,0.1483
Mussels,1997 MHW,II,48.482
Mussels,1997 MHW,III,5.2246
Barnacles,1997 MHW,II,46.25
Barnacles,1997 MHW,III,8.0058
Shallow_infauna_clams,1997 MHW,II,162.93
Shallow_infauna_clams,1997 MHW,III,8.3157
Zoopl_near_herb,1997 MHW,II,110.12
Zoopl_herb,1997 MHW,II,649.24
Total,1997 MHW,II,3014.0
Total,1997 MHW,III,536.45
Total,1997 MHW,IV,103.61
Total,1997 MHW,V,11.981
Total,1997 MHW,VI,0.6329
Total,1997 MHW,VII,0.05645
Total,1997 MHW,VIII,0.002595
Total,1997 MHW,IX,4.463e-05
Total,1997 MHW,X,2e-08
Transient_orca,2000,III,2.816e-05
Transient_orca,2000,IV,0.0006408
Transient_orca,2000,V,0.002941
Transient_orca,2000,VI,0.001035
Transient_orca,2000,VII,0.0001195
Transient_orca,2000,VIII,1.29e-05
Transient_orca,2000,IX,4.5e-07
Transient_orca,2000,X,1e-08
Salmon_sharks,2000,III,0.07596
Salmon_sharks,2000,IV,0.3975
Salmon_sharks,2000,V,0.4205
Salmon_sharks,2000,VI,0.1287
Salmon_sharks,2000,VII,0.01544
Salmon_sharks,2000,VIII,0.001363
Salmon_sharks,2000,IX,3.035e-05
Resident_orca,2000,III,0.004063
Resident_orca,2000,IV,0.04335
Resident_orca,2000,V,0.04088
Resident_orca,2000,VI,0.01308
Resident_orca,2000,VII,0.001758
Resident_orca,2000,VIII,0.00013
Resident_orca,2000,IX,2.36e-06
Sleeper_sharks,2000,II,0.02343
Sleeper_sharks,2000,III,0.006719
Sleeper_sharks,2000,IV,0.09703
Sleeper_sharks,2000,V,0.1376
Sleeper_sharks,2000,VI,0.04365
Sleeper_sharks,2000,VII,0.005696
Sleeper_sharks,2000,VIII,0.0004764
Sleeper_sharks,2000,IX,5.14e-06
Halibut,2000,II,0.02488
Halibut,2000,III,0.1094
Halibut,2000,IV,0.3911
Halibut,2000,V,0.2109
Halibut,2000,VI,0.03153
Halibut,2000,VII,0.002797
Halibut,2000,VIII,4.16e-05
Halibut,2000,IX,1.13e-06
Pinnipeds,2000,III,0.003974
Pinnipeds,2000,IV,1.0426
Pinnipeds,2000,V,0.3802
Pinnipeds,2000,VI,0.04054
Pinnipeds,2000,VII,0.004157
Pinnipeds,2000,VIII,0.0001025
Pinnipeds,2000,IX,2.41e-06
Porpoise,2000,III,0.009158
Porpoise,2000,IV,0.2056
Porpoise,2000,V,0.1108
Porpoise,2000,VI,0.02091
Porpoise,2000,VII,0.002873
Porpoise,2000,VIII,0.0002169
Porpoise,2000,IX,5.61e-06
Lingcod,2000,III,0.03796
Lingcod,2000,IV,0.108
Lingcod,2000,V,0.02827
Lingcod,2000,VI,0.00311
Lingcod,2000,VII,0.0002917
Lingcod,2000,VIII,2.23e-06
Arrowtooth_L,2000,III,0.9133
Arrowtooth_L,2000,IV,1.9821
Arrowtooth_L,2000,V,0.6972
Arrowtooth_L,2000,VI,0.09053
Arrowtooth_L,2000,VII,0.008288
Arrowtooth_L,2000,VIII,5.435e-05
Salmon_L,2000,IV,27.994
Salmon_L,2000,V,4.4141
Pacific_cod,2000,II,0.02689
Pacific_cod,2000,III,0.2835
Pacific_cod,2000,IV,0.3592
Pacific_cod,2000,V,0.1115
Pacific_cod,2000,VI,0.01683
Pacific_cod,2000,VII,0.001168
Pacific_cod,2000,VIII,4.048e-05
Pacific_cod,2000,IX,1.18e-06
Sablefish,2000,II,0.3787
Sablefish,2000,III,0.3148
Sablefish,2000,IV,1.1172
Sablefish,2000,V,0.5011
Sablefish,2000,VI,0.06119
Sablefish,2000,VII,0.005726
Sablefish,2000,VIII,0.0001198
Sablefish,2000,IX,3.45e-06
Arrowtooth_S,2000,III,0.229
Arrowtooth_S,2000,IV,0.3285
Arrowtooth_S,2000,V,0.07276
Arrowtooth_S,2000,VI,0.006841
Arrowtooth_S,2000,VII,0.000212
Spiny_dogfish,2000,II,0.006791
Spiny_dogfish,2000,III,0.1493
Spiny_dogfish,2000,IV,0.1781
Spiny_dogfish,2000,V,0.0383
Spiny_dogfish,2000,VI,0.005195
Spiny_dogfish,2000,VII,0.0006086
Spiny_dogfish,2000,VIII,2.977e-05
Spiny_dogfish,2000,IX,8.6e-07
Avian_raptors,2000,II,0.06512
Avian_raptors,2000,III,0.01446
Avian_raptors,2000,IV,0.01292
Avian_raptors,2000,V,0.003201
Avian_raptors,2000,VI,0.0005588
Avian_raptors,2000,VII,3.865e-05
Avian_raptors,2000,VIII,2.54e-06
Octopods,2000,II,0.03808
Octopods,2000,III,0.57
Octopods,2000,IV,0.3223
Octopods,2000,V,0.07622
Octopods,2000,VI,0.0139
Octopods,2000,VII,0.001155
Octopods,2000,VIII,6.723e-05
Octopods,2000,IX,1.52e-06
Seabirds,2000,II,0.6227
Seabirds,2000,III,0.6374
Seabirds,2000,IV,1.056
Seabirds,2000,V,0.2902
Seabirds,2000,VI,0.02889
Seabirds,2000,VII,0.00265
Seabirds,2000,VIII,4.78e-06
Deep_demersals,2000,II,0.4625
Deep_demersals,2000,III,1.0507
Deep_demersals,2000,IV,0.7165
Deep_demersals,2000,V,0.1628
Deep_demersals,2000,VI,0.0176
Deep_demersals,2000,VII,0.001041
Deep_demersals,2000,VIII,3.412e-05
Pollock_L,2000,III,3.7117
Pollock_L,2000,IV,2.8303
Pollock_L,2000,V,0.4021
Pollock_L,2000,VI,0.0366
Pollock_L,2000,VII,1.331e-05
Rockfish,2000,III,1.3306
Rockfish,2000,IV,1.0998
Rockfish,2000,V,0.2222
Rockfish,2000,VI,0.01959
Rockfish,2000,VII,0.0007376
Rockfish,2000,VIII,3.799e-05
Baleen_whales,2000,III,0.9508
Baleen_whales,2000,IV,0.3417
Baleen_whales,2000,V,0.0002032
Salmon_fry_S,2000,III,13.069
Salmon_fry_S,2000,IV,2.2006
Salmon_fry_S,2000,V,0.0959
Nshore_demersal,2000,III,9.626
Nshore_demersal,2000,IV,2.007
Nshore_demersal,2000,V,0.2154
Nshore_demersal,2000,VI,0.02331
Nshore_demersal,2000,VII,9.951e-05
Squids,2000,III,24.999
Squids,2000,IV,8.728
Squids,2000,V,0.008898
Eulachon,2000,III,10.943
Eulachon,2000,IV,3.8703
Eulachon,2000,V,4.21e-05
Sea_otters,2000,III,3.5032
Sea_otters,2000,IV,0.3579
Sea_otters,2000,V,0.02697
Sea_otters,2000,VI,0.00284
Sea_otters,2000,VII,4.709e-05
Deep _epibenthos,2000,II,56.83
Deep _epibenthos,2000,III,89.969
Deep _epibenthos,2000,IV,17.688
Deep _epibenthos,2000,V,2.5127
Deep _epibenthos,2000,VI,0.0009362
Capelin,2000,III,5.1634
Capelin,2000,IV,0.6148
Capelin,2000,V,0.0002662
Herring_L,2000,III,6.4555
Herring_L,2000,IV,0.664
Herring_L,2000,V,0.0007978
Pollock_S,2000,III,2.3159
Pollock_S,2000,IV,0.169
Invert_eat_seaduck,2000,III,0.0303
Invert_eat_seaduck,2000,IV,0.002511
Invert_eat_seaduck,2000,V,3.122e-05
Oystercatchers,2000,III,0.03395
Oystercatchers,2000,IV,0.002437
Oystercatchers,2000,V,4.13e-05
Sandlance,2000,III,6.9783
Sandlance,2000,IV,0.4126
Sandlance,2000,V,0.0006195
Sunflower_stars,2000,II,0.03415
Sunflower_stars,2000,III,2.1232
Sunflower_stars,2000,IV,0.1248
Sunflower_stars,2000,V,0.0004238
Pisaster_Evasterias,2000,III,5.3968
Pisaster_Evasterias,2000,IV,0.6761
Pisaster_Evasterias,2000,V,0.002487
Leather_stars,2000,III,6.1029
Leather_stars,2000,IV,0.4915
Leather_stars,2000,V,0.008925
Cucumbers,2000,II,1.3167
Urchins,2000,II,1.2246
Helmet_crab,2000,II,4.0629
Helmet_crab,2000,III,1.5499
Helmet_crab,2000,IV,0.1262
Helmet_crab,2000,V,0.00231
Herring_S,2000,III,9.3306
Herring_S,2000,IV,0.2301
Jellies,2000,II,8.0344
Jellies,2000,III,70.692
Jellies,2000,IV,4.7374
Deep_infauna_S,2000,II,530.48
Deep_infauna_S,2000,III,108.41
Deep_infauna_S,2000,IV,15.568
Zoopl_near_onmiv,2000,II,0.9697
Zoopl_near_onmiv,2000,III,0.344
Zoop_omniv,2000,II,172.77
Zoop_omniv,2000,III,61.594
Shallow_infauna_S,2000,II,669.39
Meiofauna,2000,II,56.564
Deep_infauna_L,2000,II,348.54
Deep_infauna_L,2000,III,40.963
Snail_crust_S,2000,II,103.87
Snail_crust_S,2000,III,8.455
Snail_crust_S,2000,IV,0.1548
Mussels,2000,II,48.646
Mussels,2000,III,4.7676
Barnacles,2000,II,47.271
Barnacles,2000,III,7.4507
Shallow_infauna_clams,2000,II,161.03
Shallow_infauna_clams,2000,III,7.4756
Zoopl_near_herb,2000,II,104.75
Zoopl_herb,2000,II,620.47
Total,2000,II,2937.9
Total,2000,III,518.15
Total,2000,IV,99.45
Total,2000,V,11.2
Total,2000,VI,0.6074
Total,2000,VII,0.05492
Total,2000,VIII,0.002736
Total,2000,IX,5.445e-05
Total,2000,X,1e-08
Transient_orca,2005 MHW,III,3.297e-05
Transient_orca,2005 MHW,IV,0.0002001
Transient_orca,2005 MHW,V,0.003072
Transient_orca,2005 MHW,VI,0.001288
Transient_orca,2005 MHW,VII,0.0001656
Transient_orca,2005 MHW,VIII,1.843e-05
Transient_orca,2005 MHW,IX,7.3e-07
Transient_orca,2005 MHW,X,1e-08
Salmon_sharks,2005 MHW,III,0.0539
Salmon_sharks,2005 MHW,IV,0.4268
Salmon_sharks,2005 MHW,V,0.4142
Salmon_sharks,2005 MHW,VI,0.1272
Salmon_sharks,2005 MHW,VII,0.0155
Salmon_sharks,2005 MHW,VIII,0.001318
Salmon_sharks,2005 MHW,IX,2.121e-05
Resident_orca,2005 MHW,III,0.002645
Resident_orca,2005 MHW,IV,0.04575
Resident_orca,2005 MHW,V,0.04113
Resident_orca,2005 MHW,VI,0.01204
Resident_orca,2005 MHW,VII,0.001574
Resident_orca,2005 MHW,VIII,0.0001072
Resident_orca,2005 MHW,IX,1.62e-06
Sleeper_sharks,2005 MHW,II,0.02634
Sleeper_sharks,2005 MHW,III,0.007102
Sleeper_sharks,2005 MHW,IV,0.1028
Sleeper_sharks,2005 MHW,V,0.1309
Sleeper_sharks,2005 MHW,VI,0.04156
Sleeper_sharks,2005 MHW,VII,0.005447
Sleeper_sharks,2005 MHW,VIII,0.0004304
Sleeper_sharks,2005 MHW,IX,3.64e-06
Halibut,2005 MHW,II,0.02056
Halibut,2005 MHW,III,0.09126
Halibut,2005 MHW,IV,0.4099
Halibut,2005 MHW,V,0.2466
Halibut,2005 MHW,VI,0.03717
Halibut,2005 MHW,VII,0.003306
Halibut,2005 MHW,VIII,3.495e-05
Pinnipeds,2005 MHW,III,0.002547
Pinnipeds,2005 MHW,IV,1.0071
Pinnipeds,2005 MHW,V,0.4091
Pinnipeds,2005 MHW,VI,0.04634
Pinnipeds,2005 MHW,VII,0.00465
Pinnipeds,2005 MHW,VIII,9.116e-05
Pinnipeds,2005 MHW,IX,1.76e-06
Porpoise,2005 MHW,III,0.006609
Porpoise,2005 MHW,IV,0.2122
Porpoise,2005 MHW,V,0.1078
Porpoise,2005 MHW,VI,0.02006
Porpoise,2005 MHW,VII,0.002789
Porpoise,2005 MHW,VIII,0.0002101
Porpoise,2005 MHW,IX,4.24e-06
Lingcod,2005 MHW,III,0.03642
Lingcod,2005 MHW,IV,0.1045
Lingcod,2005 MHW,V,0.03204
Lingcod,2005 MHW,VI,0.003703
Lingcod,2005 MHW,VII,0.0003458
Lingcod,2005 MHW,VIII,2.31e-06
Arrowtooth_L,2005 MHW,III,0.7803
Arrowtooth_L,2005 MHW,IV,1.9578
Arrowtooth_L,2005 MHW,V,0.7969
Arrowtooth_L,2005 MHW,VI,0.1074
Arrowtooth_L,2005 MHW,VII,0.009814
Arrowtooth_L,2005 MHW,VIII,4.603e-05
Salmon_L,2005 MHW,IV,27.947
Salmon_L,2005 MHW,V,4.8439
Salmon_L,2005 MHW,VI,0.135
Pacific_cod,2005 MHW,II,0.02553
Pacific_cod,2005 MHW,III,0.2743
Pacific_cod,2005 MHW,IV,0.3784
Pacific_cod,2005 MHW,V,0.1264
Pacific_cod,2005 MHW,VI,0.0191
Pacific_cod,2005 MHW,VII,0.001345
Pacific_cod,2005 MHW,VIII,3.927e-05
Pacific_cod,2005 MHW,IX,9.8e-07
Sablefish,2005 MHW,II,0.3097
Sablefish,2005 MHW,III,0.2723
Sablefish,2005 MHW,IV,1.133
Sablefish,2005 MHW,V,0.5533
Sablefish,2005 MHW,VI,0.06967
Sablefish,2005 MHW,VII,0.006457
Sablefish,2005 MHW,VIII,0.0001006
Arrowtooth_S,2005 MHW,III,0.205
Arrowtooth_S,2005 MHW,IV,0.3326
Arrowtooth_S,2005 MHW,V,0.08022
Arrowtooth_S,2005 MHW,VI,0.00737
Arrowtooth_S,2005 MHW,VII,0.0002838
Spiny_dogfish,2005 MHW,II,0.006322
Spiny_dogfish,2005 MHW,III,0.1454
Spiny_dogfish,2005 MHW,IV,0.178
Spiny_dogfish,2005 MHW,V,0.03997
Spiny_dogfish,2005 MHW,VI,0.005279
Spiny_dogfish,2005 MHW,VII,0.0006017
Spiny_dogfish,2005 MHW,VIII,2.798e-05
Spiny_dogfish,2005 MHW,IX,6.9e-07
Avian_raptors,2005 MHW,II,0.06594
Avian_raptors,2005 MHW,III,0.01398
Avian_raptors,2005 MHW,IV,0.01281
Avian_raptors,2005 MHW,V,0.003012
Avian_raptors,2005 MHW,VI,0.0005338
Avian_raptors,2005 MHW,VII,3.666e-05
Avian_raptors,2005 MHW,VIII,2.32e-06
Octopods,2005 MHW,II,0.03799
Octopods,2005 MHW,III,0.549
Octopods,2005 MHW,IV,0.3383
Octopods,2005 MHW,V,0.08099
Octopods,2005 MHW,VI,0.01442
Octopods,2005 MHW,VII,0.001142
Octopods,2005 MHW,VIII,6.425e-05
Octopods,2005 MHW,IX,1.25e-06
Seabirds,2005 MHW,II,0.5992
Seabirds,2005 MHW,III,0.5718
Seabirds,2005 MHW,IV,1.0764
Seabirds,2005 MHW,V,0.3493
Seabirds,2005 MHW,VI,0.03736
Seabirds,2005 MHW,VII,0.003407
Seabirds,2005 MHW,VIII,5.34e-06
Deep_demersals,2005 MHW,II,0.4744
Deep_demersals,2005 MHW,III,1.0268
Deep_demersals,2005 MHW,IV,0.7551
Deep_demersals,2005 MHW,V,0.1699
Deep_demersals,2005 MHW,VI,0.01813
Deep_demersals,2005 MHW,VII,0.001015
Deep_demersals,2005 MHW,VIII,2.894e-05
Pollock_L,2005 MHW,III,4.0098
Pollock_L,2005 MHW,IV,3.1734
Pollock_L,2005 MHW,V,0.4627
Pollock_L,2005 MHW,VI,0.04228
Pollock_L,2005 MHW,VII,1.838e-05
Rockfish,2005 MHW,III,1.3223
Rockfish,2005 MHW,IV,1.1136
Rockfish,2005 MHW,V,0.2247
Rockfish,2005 MHW,VI,0.02066
Rockfish,2005 MHW,VII,0.0007615
Rockfish,2005 MHW,VIII,3.764e-05
Baleen_whales,2005 MHW,III,0.9613
Baleen_whales,2005 MHW,IV,0.3305
Baleen_whales,2005 MHW,V,0.0001192
Salmon_fry_S,2005 MHW,III,12.929
Salmon_fry_S,2005 MHW,IV,2.3117
Salmon_fry_S,2005 MHW,V,0.1173
Nshore_demersal,2005 MHW,III,9.4561
Nshore_demersal,2005 MHW,IV,2.1479
Nshore_demersal,2005 MHW,V,0.2402
Nshore_demersal,2005 MHW,VI,0.02585
Nshore_demersal,2005 MHW,VII,0.0001155
Squids,2005 MHW,III,25.853
Squids,2005 MHW,IV,8.696
Squids,2005 MHW,V,0.01146
Eulachon,2005 MHW,III,11.617
Eulachon,2005 MHW,IV,3.9456
Eulachon,2005 MHW,V,4.415e-05
Sea_otters,2005 MHW,III,3.4039
Sea_otters,2005 MHW,IV,0.4422
Sea_otters,2005 MHW,V,0.04013
Sea_otters,2005 MHW,VI,0.004308
Sea_otters,2005 MHW,VII,7.083e-05
Deep _epibenthos,2005 MHW,II,58.154
Deep _epibenthos,2005 MHW,III,98.549
Deep _epibenthos,2005 MHW,IV,19.445
Deep _epibenthos,2005 MHW,V,2.7474
Deep _epibenthos,2005 MHW,VI,0.001227
Capelin,2005 MHW,III,5.2028
Capelin,2005 MHW,IV,0.6306
Capelin,2005 MHW,V,0.000282
Herring_L,2005 MHW,III,6.4249
Herring_L,2005 MHW,IV,0.6762
Herring_L,2005 MHW,V,0.0008536
Pollock_S,2005 MHW,III,2.3496
Pollock_S,2005 MHW,IV,0.1766
Invert_eat_seaduck,2005 MHW,III,0.0301
Invert_eat_seaduck,2005 MHW,IV,0.002707
Invert_eat_seaduck,2005 MHW,V,3.188e-05
Oystercatchers,2005 MHW,III,0.03376
Oystercatchers,2005 MHW,IV,0.002601
Oystercatchers,2005 MHW,V,4.37e-05
Sandlance,2005 MHW,III,6.9592
Sandlance,2005 MHW,IV,0.4258
Sandlance,2005 MHW,V,0.0006712
Sunflower_stars,2005 MHW,II,0.0417
Sunflower_stars,2005 MHW,III,2.1111
Sunflower_stars,2005 MHW,IV,0.1434
Sunflower_stars,2005 MHW,V,0.0005495
Pisaster_Evasterias,2005 MHW,III,5.3864
Pisaster_Evasterias,2005 MHW,IV,0.7309
Pisaster_Evasterias,2005 MHW,V,0.002611
Leather_stars,2005 MHW,III,6.1656
Leather_stars,2005 MHW,IV,0.5362
Leather_stars,2005 MHW,V,0.009758
Cucumbers,2005 MHW,II,1.3317
Urchins,2005 MHW,II,1.2298
Helmet_crab,2005 MHW,II,4.2124
Helmet_crab,2005 MHW,III,1.5146
Helmet_crab,2005 MHW,IV,0.133
Helmet_crab,2005 MHW,V,0.002445
Herring_S,2005 MHW,III,9.3227
Herring_S,2005 MHW,IV,0.239
Jellies,2005 MHW,II,8.2143
Jellies,2005 MHW,III,70.504
Jellies,2005 MHW,IV,4.8676
Deep_infauna_S,2005 MHW,II,546.61
Deep_infauna_S,2005 MHW,III,112.28
Deep_infauna_S,2005 MHW,IV,16.299
Zoopl_near_onmiv,2005 MHW,II,1.0267
Zoopl_near_onmiv,2005 MHW,III,0.3499
Zoop_omniv,2005 MHW,II,192.97
Zoop_omniv,2005 MHW,III,66.013
Shallow_infauna_S,2005 MHW,II,678.63
Meiofauna,2005 MHW,II,57.635
Deep_infauna_L,2005 MHW,II,351.42
Deep_infauna_L,2005 MHW,III,40.016
Snail_crust_S,2005 MHW,II,105.0
Snail_crust_S,2005 MHW,III,9.2202
Snail_crust_S,2005 MHW,IV,0.1695
Mussels,2005 MHW,II,49.276
Mussels,2005 MHW,III,5.2106
Barnacles,2005 MHW,II,46.723
Barnacles,2005 MHW,III,7.9839
Shallow_infauna_clams,2005 MHW,II,162.73
Shallow_infauna_clams,2005 MHW,III,8.1517
Zoopl_near_herb,2005 MHW,II,109.64
Zoopl_herb,2005 MHW,II,634.19
Total,2005 MHW,II,3010.6
Total,2005 MHW,III,537.37
Total,2005 MHW,IV,103.06
Total,2005 MHW,V,12.29
Total,2005 MHW,VI,0.7979
Total,2005 MHW,VII,0.05885
Total,2005 MHW,VIII,0.002565
Total,2005 MHW,IX,3.613e-05
Total,2005 MHW,X,1e-08
Transient_orca,2010,III,4.101e-05
Transient_orca,2010,IV,0.0002807
Transient_orca,2010,V,0.003017
Transient_orca,2010,VI,0.001257
Transient_orca,2010,VII,0.0001628
Transient_orca,2010,VIII,1.835e-05
Transient_orca,2010,IX,8.3e-07
Transient_orca,2010,X,2e-08
Salmon_sharks,2010,III,0.06475
Salmon_sharks,2010,IV,0.3999
Salmon_sharks,2010,V,0.4258
Salmon_sharks,2010,VI,0.1315
Salmon_sharks,2010,VII,0.01564
Salmon_sharks,2010,VIII,0.001338
Salmon_sharks,2010,IX,2.615e-05
Resident_orca,2010,III,0.00371
Resident_orca,2010,IV,0.04302
Resident_orca,2010,V,0.04148
Resident_orca,2010,VI,0.01316
Resident_orca,2010,VII,0.00175
Resident_orca,2010,VIII,0.0001276
Resident_orca,2010,IX,2.19e-06
Sleeper_sharks,2010,II,0.02415
Sleeper_sharks,2010,III,0.006897
Sleeper_sharks,2010,IV,0.09839
Sleeper_sharks,2010,V,0.1356
Sleeper_sharks,2010,VI,0.04348
Sleeper_sharks,2010,VII,0.005676
Sleeper_sharks,2010,VIII,0.0004638
Sleeper_sharks,2010,IX,4.42e-06
Halibut,2010,II,0.02274
Halibut,2010,III,0.1043
Halibut,2010,IV,0.3982
Halibut,2010,V,0.2256
Halibut,2010,VI,0.03384
Halibut,2010,VII,0.002993
Halibut,2010,VIII,3.967e-05
Halibut,2010,IX,1.01e-06
Pinnipeds,2010,III,0.003538
Pinnipeds,2010,IV,1.0146
Pinnipeds,2010,V,0.4024
Pinnipeds,2010,VI,0.04428
Pinnipeds,2010,VII,0.004444
Pinnipeds,2010,VIII,0.0001088
Pinnipeds,2010,IX,2.65e-06
Porpoise,2010,III,0.008615
Porpoise,2010,IV,0.2036
Porpoise,2010,V,0.1128
Porpoise,2010,VI,0.0215
Porpoise,2010,VII,0.002956
Porpoise,2010,VIII,0.0002265
Porpoise,2010,IX,5.15e-06
Lingcod,2010,III,0.03835
Lingcod,2010,IV,0.1035
Lingcod,2010,V,0.0305
Lingcod,2010,VI,0.003504
Lingcod,2010,VII,0.0003199
Lingcod,2010,VIII,3.17e-06
Arrowtooth_L,2010,III,0.8673
Arrowtooth_L,2010,IV,1.9727
Arrowtooth_L,2010,V,0.7333
Arrowtooth_L,2010,VI,0.09613
Arrowtooth_L,2010,VII,0.008727
Arrowtooth_L,2010,VIII,5.003e-05
Salmon_L,2010,IV,28.12
Salmon_L,2010,V,4.762
Pacific_cod,2010,II,0.0257
Pacific_cod,2010,III,0.2852
Pacific_cod,2010,IV,0.3655
Pacific_cod,2010,V,0.1166
Pacific_cod,2010,VI,0.01782
Pacific_cod,2010,VII,0.001243
Pacific_cod,2010,VIII,4.137e-05
Pacific_cod,2010,IX,1.09e-06
Sablefish,2010,II,0.3441
Sablefish,2010,III,0.3065
Sablefish,2010,IV,1.1372
Sablefish,2010,V,0.5295
Sablefish,2010,VI,0.06525
Sablefish,2010,VII,0.006096
Sablefish,2010,VIII,0.0001165
Arrowtooth_S,2010,III,0.2196
Arrowtooth_S,2010,IV,0.3304
Arrowtooth_S,2010,V,0.0754
Arrowtooth_S,2010,VI,0.007037
Arrowtooth_S,2010,VII,0.0002334
Spiny_dogfish,2010,II,0.00617
Spiny_dogfish,2010,III,0.1444
Spiny_dogfish,2010,IV,0.1802
Spiny_dogfish,2010,V,0.03898
Spiny_dogfish,2010,VI,0.005031
Spiny_dogfish,2010,VII,0.0005784
Spiny_dogfish,2010,VIII,2.773e-05
Spiny_dogfish,2010,IX,7.8e-07
Avian_raptors,2010,II,0.06653
Avian_raptors,2010,III,0.0141
Avian_raptors,2010,IV,0.01228
Avian_raptors,2010,V,0.002867
Avian_raptors,2010,VI,0.0004959
Avian_raptors,2010,VII,3.197e-05
Avian_raptors,2010,VIII,1.95e-06
Octopods,2010,II,0.03631
Octopods,2010,III,0.561
Octopods,2010,IV,0.3312
Octopods,2010,V,0.07795
Octopods,2010,VI,0.01412
Octopods,2010,VII,0.00116
Octopods,2010,VIII,6.704e-05
Octopods,2010,IX,1.42e-06
Seabirds,2010,II,0.6305
Seabirds,2010,III,0.6235
Seabirds,2010,IV,1.0394
Seabirds,2010,V,0.3099
Seabirds,2010,VI,0.03141
Seabirds,2010,VII,0.002814
Seabirds,2010,VIII,4.45e-06
Deep_demersals,2010,II,0.4881
Deep_demersals,2010,III,1.0333
Deep_demersals,2010,IV,0.7261
Deep_demersals,2010,V,0.172
Deep_demersals,2010,VI,0.01899
Deep_demersals,2010,VII,0.001106
Deep_demersals,2010,VIII,3.281e-05
Pollock_L,2010,III,3.8311
Pollock_L,2010,IV,3.0021
Pollock_L,2010,V,0.4302
Pollock_L,2010,VI,0.03905
Pollock_L,2010,VII,1.495e-05
Rockfish,2010,III,1.3516
Rockfish,2010,IV,1.1264
Rockfish,2010,V,0.2269
Rockfish,2010,VI,0.02045
Rockfish,2010,VII,0.0007802
Rockfish,2010,VIII,3.922e-05
Baleen_whales,2010,III,0.9416
Baleen_whales,2010,IV,0.3502
Baleen_whales,2010,V,0.0001683
Salmon_fry_S,2010,III,12.964
Salmon_fry_S,2010,IV,2.2927
Salmon_fry_S,2010,V,0.1058
Nshore_demersal,2010,III,9.4538
Nshore_demersal,2010,IV,2.1639
Nshore_demersal,2010,V,0.2355
Nshore_demersal,2010,VI,0.02435
Nshore_demersal,2010,VII,9.953e-05
Squids,2010,III,25.165
Squids,2010,IV,9.1399
Squids,2010,V,0.01023
Eulachon,2010,III,10.947
Eulachon,2010,IV,4.0257
Eulachon,2010,V,5.052e-05
Sea_otters,2010,III,3.4515
Sea_otters,2010,IV,0.4038
Sea_otters,2010,V,0.0325
Sea_otters,2010,VI,0.003301
Sea_otters,2010,VII,4.955e-05
Deep _epibenthos,2010,II,58.612
Deep _epibenthos,2010,III,94.481
Deep _epibenthos,2010,IV,18.53
Deep _epibenthos,2010,V,2.6878
Deep _epibenthos,2010,VI,0.001058
Capelin,2010,III,5.2473
Capelin,2010,IV,0.6465
Capelin,2010,V,0.0003223
Herring_L,2010,III,6.4275
Herring_L,2010,IV,0.6899
Herring_L,2010,V,0.0009584
Pollock_S,2010,III,2.3537
Pollock_S,2010,IV,0.1768
Invert_eat_seaduck,2010,III,0.02989
Invert_eat_seaduck,2010,IV,0.00291
Invert_eat_seaduck,2010,V,3.446e-05
Oystercatchers,2010,III,0.03355
Oystercatchers,2010,IV,0.0028
Oystercatchers,2010,V,4.943e-05
Sandlance,2010,III,6.9572
Sandlance,2010,IV,0.429
Sandlance,2010,V,0.0007438
Sunflower_stars,2010,II,0.03303
Sunflower_stars,2010,III,2.1009
Sunflower_stars,2010,IV,0.1503
Sunflower_stars,2010,V,0.0005302
Pisaster_Evasterias,2010,III,5.4324
Pisaster_Evasterias,2010,IV,0.7825
Pisaster_Evasterias,2010,V,0.002868
Leather_stars,2010,III,6.0679
Leather_stars,2010,IV,0.5683
Leather_stars,2010,V,0.011
Cucumbers,2010,II,1.333
Urchins,2010,II,1.2308
Helmet_crab,2010,II,4.142
Helmet_crab,2010,III,1.5039
Helmet_crab,2010,IV,0.1422
Helmet_crab,2010,V,0.002784
Herring_S,2010,III,9.3251
Herring_S,2010,IV,0.2376
Jellies,2010,II,7.812
Jellies,2010,III,70.928
Jellies,2010,IV,4.8922
Deep_infauna_S,2010,II,542.71
Deep_infauna_S,2010,III,110.38
Deep_infauna_S,2010,IV,16.359
Zoopl_near_onmiv,2010,II,1.045
Zoopl_near_onmiv,2010,III,0.3603
Zoop_omniv,2010,II,187.06
Zoop_omniv,2010,III,69.372
Shallow_infauna_S,2010,II,679.37
Meiofauna,2010,II,57.924
Deep_infauna_L,2010,II,349.35
Deep_infauna_L,2010,III,41.077
Snail_crust_S,2010,II,105.26
Snail_crust_S,2010,III,9.9526
Snail_crust_S,2010,IV,0.1949
Mussels,2010,II,49.654
Mussels,2010,III,5.5908
Barnacles,2010,II,46.917
Barnacles,2010,III,8.4264
Shallow_infauna_clams,2010,II,161.05
Shallow_infauna_clams,2010,III,8.5903
Zoopl_near_herb,2010,II,115.95
Zoopl_herb,2010,II,672.13
Total,2010,II,3043.2
Total,2010,III,537.03
Total,2010,IV,102.79
Total,2010,V,11.944
Total,2010,VI,0.637
Total,2010,VII,0.05687
Total,2010,VIII,0.002707
Total,2010,IX,4.57e-05
Total,2010,X,2e-08
Transient_orca,2016 MHW,III,2.718e-05
Transient_orca,2016 MHW,IV,0.0004059
Transient_orca,2016 MHW,V,0.002858
Transient_orca,2016 MHW,VI,0.001274
Transient_orca,2016 MHW,VII,0.0001884
Transient_orca,2016 MHW,VIII,2.263e-05
Transient_orca,2016 MHW,IX,1.28e-06
Transient_orca,2016 MHW,X,3e-08
Salmon_sharks,2016 MHW,III,0.06377
Salmon_sharks,2016 MHW,IV,0.4071
Salmon_sharks,2016 MHW,V,0.4208
Salmon_sharks,2016 MHW,VI,0.1305
Salmon_sharks,2016 MHW,VII,0.0155
Salmon_sharks,2016 MHW,VIII,0.001292
Salmon_sharks,2016 MHW,IX,2.467e-05
Resident_orca,2016 MHW,III,0.003394
Resident_orca,2016 MHW,IV,0.04355
Resident_orca,2016 MHW,V,0.04141
Resident_orca,2016 MHW,VI,0.01306
Resident_orca,2016 MHW,VII,0.001716
Resident_orca,2016 MHW,VIII,0.0001217
Resident_orca,2016 MHW,IX,1.95e-06
Sleeper_sharks,2016 MHW,II,0.02528
Sleeper_sharks,2016 MHW,III,0.007199
Sleeper_sharks,2016 MHW,IV,0.09926
Sleeper_sharks,2016 MHW,V,0.1334
Sleeper_sharks,2016 MHW,VI,0.04348
Sleeper_sharks,2016 MHW,VII,0.005612
Sleeper_sharks,2016 MHW,VIII,0.0004445
Sleeper_sharks,2016 MHW,IX,4.1e-06
Halibut,2016 MHW,II,0.02235
Halibut,2016 MHW,III,0.104
Halibut,2016 MHW,IV,0.3943
Halibut,2016 MHW,V,0.2273
Halibut,2016 MHW,VI,0.03345
Halibut,2016 MHW,VII,0.002894
Halibut,2016 MHW,VIII,3.629e-05
Halibut,2016 MHW,IX,8.9e-07
Pinnipeds,2016 MHW,III,0.003273
Pinnipeds,2016 MHW,IV,1.0072
Pinnipeds,2016 MHW,V,0.409
Pinnipeds,2016 MHW,VI,0.04493
Pinnipeds,2016 MHW,VII,0.00437
Pinnipeds,2016 MHW,VIII,0.0001008
Pinnipeds,2016 MHW,IX,2.34e-06
Porpoise,2016 MHW,III,0.008396
Porpoise,2016 MHW,IV,0.2027
Porpoise,2016 MHW,V,0.1134
Porpoise,2016 MHW,VI,0.02185
Porpoise,2016 MHW,VII,0.00298
Porpoise,2016 MHW,VIII,0.0002219
Porpoise,2016 MHW,IX,5.23e-06
Lingcod,2016 MHW,III,0.03832
Lingcod,2016 MHW,IV,0.103
Lingcod,2016 MHW,V,0.03068
Lingcod,2016 MHW,VI,0.003449
Lingcod,2016 MHW,VII,0.0003023
Lingcod,2016 MHW,VIII,2.71e-06
Arrowtooth_L,2016 MHW,III,0.8623
Arrowtooth_L,2016 MHW,IV,1.9431
Arrowtooth_L,2016 MHW,V,0.7555
Arrowtooth_L,2016 MHW,VI,0.0982
Arrowtooth_L,2016 MHW,VII,0.008659
Arrowtooth_L,2016 MHW,VIII,5.112e-05
Salmon_L,2016 MHW,IV,28.008
Salmon_L,2016 MHW,V,4.6736
Pacific_cod,2016 MHW,II,0.02573
Pacific_cod,2016 MHW,III,0.2861
Pacific_cod,2016 MHW,IV,0.3632
Pacific_cod,2016 MHW,V,0.1163
Pacific_cod,2016 MHW,VI,0.01743
Pacific_cod,2016 MHW,VII,0.001196
Pacific_cod,2016 MHW,VIII,3.81e-05
Pacific_cod,2016 MHW,IX,1.04e-06
Sablefish,2016 MHW,II,0.346
Sablefish,2016 MHW,III,0.3015
Sablefish,2016 MHW,IV,1.1055
Sablefish,2016 MHW,V,0.5327
Sablefish,2016 MHW,VI,0.06539
Sablefish,2016 MHW,VII,0.005972
Sablefish,2016 MHW,VIII,0.0001078
Arrowtooth_S,2016 MHW,III,0.2198
Arrowtooth_S,2016 MHW,IV,0.327
Arrowtooth_S,2016 MHW,V,0.07569
Arrowtooth_S,2016 MHW,VI,0.006971
Arrowtooth_S,2016 MHW,VII,0.0002328
Spiny_dogfish,2016 MHW,II,0.00622
Spiny_dogfish,2016 MHW,III,0.1424
Spiny_dogfish,2016 MHW,IV,0.1814
Spiny_dogfish,2016 MHW,V,0.03901
Spiny_dogfish,2016 MHW,VI,0.004968
Spiny_dogfish,2016 MHW,VII,0.0005618
Spiny_dogfish,2016 MHW,VIII,2.659e-05
Spiny_dogfish,2016 MHW,IX,7.1e-07
Avian_raptors,2016 MHW,II,0.06614
Avian_raptors,2016 MHW,III,0.01451
Avian_raptors,2016 MHW,IV,0.01227
Avian_raptors,2016 MHW,V,0.002865
Avian_raptors,2016 MHW,VI,0.0004924
Avian_raptors,2016 MHW,VII,3.111e-05
Avian_raptors,2016 MHW,VIII,1.85e-06
Octopods,2016 MHW,II,0.03669
Octopods,2016 MHW,III,0.5461
Octopods,2016 MHW,IV,0.3438
Octopods,2016 MHW,V,0.07934
Octopods,2016 MHW,VI,0.01392
Octopods,2016 MHW,VII,0.001135
Octopods,2016 MHW,VIII,6.466e-05
Octopods,2016 MHW,IX,1.36e-06
Seabirds,2016 MHW,II,0.6262
Seabirds,2016 MHW,III,0.6163
Seabirds,2016 MHW,IV,1.0424
Seabirds,2016 MHW,V,0.3178
Seabirds,2016 MHW,VI,0.03203
Seabirds,2016 MHW,VII,0.002753
Seabirds,2016 MHW,VIII,4.04e-06
Deep_demersals,2016 MHW,II,0.4902
Deep_demersals,2016 MHW,III,0.996
Deep_demersals,2016 MHW,IV,0.7222
Deep_demersals,2016 MHW,V,0.1681
Deep_demersals,2016 MHW,VI,0.01833
Deep_demersals,2016 MHW,VII,0.00103
Deep_demersals,2016 MHW,VIII,3.091e-05
Pollock_L,2016 MHW,III,3.7483
Pollock_L,2016 MHW,IV,2.9839
Pollock_L,2016 MHW,V,0.4197
Pollock_L,2016 MHW,VI,0.03709
Pollock_L,2016 MHW,VII,1.277e-05
Rockfish,2016 MHW,III,1.3641
Rockfish,2016 MHW,IV,1.1047
Rockfish,2016 MHW,V,0.2183
Rockfish,2016 MHW,VI,0.02007
Rockfish,2016 MHW,VII,0.0007633
Rockfish,2016 MHW,VIII,3.968e-05
Baleen_whales,2016 MHW,III,0.9365
Baleen_whales,2016 MHW,IV,0.3553
Baleen_whales,2016 MHW,V,0.0002259
Salmon_fry_S,2016 MHW,III,13.045
Salmon_fry_S,2016 MHW,IV,2.2149
Salmon_fry_S,2016 MHW,V,0.09951
Nshore_demersal,2016 MHW,III,9.3977
Nshore_demersal,2016 MHW,IV,2.2216
Nshore_demersal,2016 MHW,V,0.2394
Nshore_demersal,2016 MHW,VI,0.02276
Nshore_demersal,2016 MHW,VII,9.085e-05
Squids,2016 MHW,III,24.586
Squids,2016 MHW,IV,9.0778
Squids,2016 MHW,V,0.009628
Eulachon,2016 MHW,III,10.818
Eulachon,2016 MHW,IV,4.0488
Eulachon,2016 MHW,V,4.956e-05
Sea_otters,2016 MHW,III,3.3794
Sea_otters,2016 MHW,IV,0.4666
Sea_otters,2016 MHW,V,0.04122
Sea_otters,2016 MHW,VI,0.00371
Sea_otters,2016 MHW,VII,5.214e-05
Deep _epibenthos,2016 MHW,II,58.937
Deep _epibenthos,2016 MHW,III,93.379
Deep _epibenthos,2016 MHW,IV,18.168
Deep _epibenthos,2016 MHW,V,2.5831
Deep _epibenthos,2016 MHW,VI,0.000915
Capelin,2016 MHW,III,5.1826
Capelin,2016 MHW,IV,0.6372
Capelin,2016 MHW,V,0.000309
Herring_L,2016 MHW,III,6.4341
Herring_L,2016 MHW,IV,0.688
Herring_L,2016 MHW,V,0.0009204
Pollock_S,2016 MHW,III,2.27
Pollock_S,2016 MHW,IV,0.1695
Invert_eat_seaduck,2016 MHW,III,0.02988
Invert_eat_seaduck,2016 MHW,IV,0.00292
Invert_eat_seaduck,2016 MHW,V,3.046e-05
Oystercatchers,2016 MHW,III,0.03353
Oystercatchers,2016 MHW,IV,0.002822
Oystercatchers,2016 MHW,V,4.63e-05
Sandlance,2016 MHW,III,6.9624
Sandlance,2016 MHW,IV,0.4266
Sandlance,2016 MHW,V,0.000712
Sunflower_stars,2016 MHW,II,0.03501
Sunflower_stars,2016 MHW,III,2.0974
Sunflower_stars,2016 MHW,IV,0.158
Sunflower_stars,2016 MHW,V,0.0005418
Pisaster_Evasterias,2016 MHW,III,5.6953
Pisaster_Evasterias,2016 MHW,IV,0.7835
Pisaster_Evasterias,2016 MHW,V,0.003081
Leather_stars,2016 MHW,III,6.0961
Leather_stars,2016 MHW,IV,0.5646
Leather_stars,2016 MHW,V,0.01032
Cucumbers,2016 MHW,II,1.3281
Urchins,2016 MHW,II,1.2319
Helmet_crab,2016 MHW,II,4.1118
Helmet_crab,2016 MHW,III,1.5841
Helmet_crab,2016 MHW,IV,0.148
Helmet_crab,2016 MHW,V,0.002744
Herring_S,2016 MHW,III,9.3268
Herring_S,2016 MHW,IV,0.2353
Jellies,2016 MHW,II,7.6684
Jellies,2016 MHW,III,70.659
Jellies,2016 MHW,IV,4.8465
Deep_infauna_S,2016 MHW,II,537.36
Deep_infauna_S,2016 MHW,III,109.91
Deep_infauna_S,2016 MHW,IV,16.3
Zoopl_near_onmiv,2016 MHW,II,0.9892
Zoopl_near_onmiv,2016 MHW,III,0.3457
Zoop_omniv,2016 MHW,II,176.74
Zoop_omniv,2016 MHW,III,66.726
Shallow_infauna_S,2016 MHW,II,658.93
Meiofauna,2016 MHW,II,56.49
Deep_infauna_L,2016 MHW,II,348.46
Deep_infauna_L,2016 MHW,III,41.67
Snail_crust_S,2016 MHW,II,104.93
Snail_crust_S,2016 MHW,III,9.8054
Snail_crust_S,2016 MHW,IV,0.1818
Mussels,2016 MHW,II,50.119
Mussels,2016 MHW,III,5.6102
Barnacles,2016 MHW,II,46.251
Barnacles,2016 MHW,III,8.2248
Shallow_infauna_clams,2016 MHW,II,161.5
Shallow_infauna_clams,2016 MHW,III,8.5636
Zoopl_near_herb,2016 MHW,II,114.01
Zoopl_herb,2016 MHW,II,657.39
Total,2016 MHW,II,2988.1
Total,2016 MHW,III,532.09
Total,2016 MHW,IV,102.09
Total,2016 MHW,V,11.77
Total,2016 MHW,VI,0.6342
Total,2016 MHW,VII,0.05605
Total,2016 MHW,VIII,0.002608
Total,2016 MHW,IX,4.358e-05
Total,2016 MHW,X,3e-08
Transient_orca,2019 MHW,III,2.395e-05
Transient_orca,2019 MHW,IV,0.0003346
Transient_orca,2019 MHW,V,0.002882
Transient_orca,2019 MHW,VI,0.00131
Transient_orca,2019 MHW,VII,0.0002019
Transient_orca,2019 MHW,VIII,2.484e-05
Transient_orca,2019 MHW,IX,1.5e-06
Transient_orca,2019 MHW,X,3e-08
Salmon_sharks,2019 MHW,III,0.05951
Salmon_sharks,2019 MHW,IV,0.4183
Salmon_sharks,2019 MHW,V,0.4182
Salmon_sharks,2019 MHW,VI,0.1267
Salmon_sharks,2019 MHW,VII,0.01497
Salmon_sharks,2019 MHW,VIII,0.001231
Salmon_sharks,2019 MHW,IX,2.393e-05
Resident_orca,2019 MHW,III,0.003312
Resident_orca,2019 MHW,IV,0.04361
Resident_orca,2019 MHW,V,0.04148
Resident_orca,2019 MHW,VI,0.01301
Resident_orca,2019 MHW,VII,0.001709
Resident_orca,2019 MHW,VIII,0.0001207
Resident_orca,2019 MHW,IX,1.97e-06
Sleeper_sharks,2019 MHW,II,0.02566
Sleeper_sharks,2019 MHW,III,0.007218
Sleeper_sharks,2019 MHW,IV,0.09988
Sleeper_sharks,2019 MHW,V,0.1332
Sleeper_sharks,2019 MHW,VI,0.04278
Sleeper_sharks,2019 MHW,VII,0.005504
Sleeper_sharks,2019 MHW,VIII,0.000432
Sleeper_sharks,2019 MHW,IX,4.11e-06
Halibut,2019 MHW,II,0.02234
Halibut,2019 MHW,III,0.102
Halibut,2019 MHW,IV,0.396
Halibut,2019 MHW,V,0.2297
Halibut,2019 MHW,VI,0.03388
Halibut,2019 MHW,VII,0.002919
Halibut,2019 MHW,VIII,3.713e-05
Halibut,2019 MHW,IX,9.2e-07
Pinnipeds,2019 MHW,III,0.003132
Pinnipeds,2019 MHW,IV,1.0094
Pinnipeds,2019 MHW,V,0.4069
Pinnipeds,2019 MHW,VI,0.04497
Pinnipeds,2019 MHW,VII,0.004351
Pinnipeds,2019 MHW,VIII,0.0001008
Pinnipeds,2019 MHW,IX,2.42e-06
Porpoise,2019 MHW,III,0.008037
Porpoise,2019 MHW,IV,0.2055
Porpoise,2019 MHW,V,0.1114
Porpoise,2019 MHW,VI,0.02137
Porpoise,2019 MHW,VII,0.002919
Porpoise,2019 MHW,VIII,0.0002171
Porpoise,2019 MHW,IX,5.17e-06
Lingcod,2019 MHW,III,0.03802
Lingcod,2019 MHW,IV,0.103
Lingcod,2019 MHW,V,0.03116
Lingcod,2019 MHW,VI,0.003541
Lingcod,2019 MHW,VII,0.0003095
Lingcod,2019 MHW,VIII,3.16e-06
Arrowtooth_L,2019 MHW,III,0.8592
Arrowtooth_L,2019 MHW,IV,1.95
Arrowtooth_L,2019 MHW,V,0.748
Arrowtooth_L,2019 MHW,VI,0.09691
Arrowtooth_L,2019 MHW,VII,0.008503
Arrowtooth_L,2019 MHW,VIII,5.043e-05
Salmon_L,2019 MHW,IV,27.94
Salmon_L,2019 MHW,V,4.7287
Pacific_cod,2019 MHW,II,0.02567
Pacific_cod,2019 MHW,III,0.2836
Pacific_cod,2019 MHW,IV,0.3639
Pacific_cod,2019 MHW,V,0.1169
Pacific_cod,2019 MHW,VI,0.01755
Pacific_cod,2019 MHW,VII,0.001209
Pacific_cod,2019 MHW,VIII,3.892e-05
Pacific_cod,2019 MHW,IX,1.02e-06
Sablefish,2019 MHW,II,0.3387
Sablefish,2019 MHW,III,0.2997
Sablefish,2019 MHW,IV,1.116
Sablefish,2019 MHW,V,0.5306
Sablefish,2019 MHW,VI,0.06511
Sablefish,2019 MHW,VII,0.005928
Sablefish,2019 MHW,VIII,0.0001081
Arrowtooth_S,2019 MHW,III,0.2168
Arrowtooth_S,2019 MHW,IV,0.3287
Arrowtooth_S,2019 MHW,V,0.0759
Arrowtooth_S,2019 MHW,VI,0.006896
Arrowtooth_S,2019 MHW,VII,0.0002312
Spiny_dogfish,2019 MHW,II,0.006067
Spiny_dogfish,2019 MHW,III,0.1424
Spiny_dogfish,2019 MHW,IV,0.1814
Spiny_dogfish,2019 MHW,V,0.03886
Spiny_dogfish,2019 MHW,VI,0.004908
Spiny_dogfish,2019 MHW,VII,0.0005528
Spiny_dogfish,2019 MHW,VIII,2.624e-05
Spiny_dogfish,2019 MHW,IX,7.2e-07
Avian_raptors,2019 MHW,II,0.06603
Avian_raptors,2019 MHW,III,0.0146
Avian_raptors,2019 MHW,IV,0.01231
Avian_raptors,2019 MHW,V,0.002848
Avian_raptors,2019 MHW,VI,0.0004855
Avian_raptors,2019 MHW,VII,3.027e-05
Avian_raptors,2019 MHW,VIII,1.75e-06
Octopods,2019 MHW,II,0.03664
Octopods,2019 MHW,III,0.5448
Octopods,2019 MHW,IV,0.3445
Octopods,2019 MHW,V,0.07959
Octopods,2019 MHW,VI,0.01397
Octopods,2019 MHW,VII,0.00114
Octopods,2019 MHW,VIII,6.512e-05
Octopods,2019 MHW,IX,1.35e-06
Seabirds,2019 MHW,II,0.6129
Seabirds,2019 MHW,III,0.6253
Seabirds,2019 MHW,IV,1.0438
Seabirds,2019 MHW,V,0.3203
Seabirds,2019 MHW,VI,0.03233
Seabirds,2019 MHW,VII,0.002755
Seabirds,2019 MHW,VIII,4.15e-06
Deep_demersals,2019 MHW,II,0.4841
Deep_demersals,2019 MHW,III,1.0009
Deep_demersals,2019 MHW,IV,0.7307
Deep_demersals,2019 MHW,V,0.1708
Deep_demersals,2019 MHW,VI,0.0187
Deep_demersals,2019 MHW,VII,0.001063
Deep_demersals,2019 MHW,VIII,3.114e-05
Pollock_L,2019 MHW,III,3.7404
Pollock_L,2019 MHW,IV,2.9863
Pollock_L,2019 MHW,V,0.4211
Pollock_L,2019 MHW,VI,0.037
Pollock_L,2019 MHW,VII,1.381e-05
Rockfish,2019 MHW,III,1.3764
Rockfish,2019 MHW,IV,1.1094
Rockfish,2019 MHW,V,0.219
Rockfish,2019 MHW,VI,0.02021
Rockfish,2019 MHW,VII,0.0007768
Rockfish,2019 MHW,VIII,4.07e-05
Baleen_whales,2019 MHW,III,0.9491
Baleen_whales,2019 MHW,IV,0.3426
Baleen_whales,2019 MHW,V,0.000256
Salmon_fry_S,2019 MHW,III,12.972
Salmon_fry_S,2019 MHW,IV,2.2761
Salmon_fry_S,2019 MHW,V,0.1069
Nshore_demersal,2019 MHW,III,9.3825
Nshore_demersal,2019 MHW,IV,2.2297
Nshore_demersal,2019 MHW,V,0.2422
Nshore_demersal,2019 MHW,VI,0.02294
Nshore_demersal,2019 MHW,VII,9.342e-05
Squids,2019 MHW,III,25.188
Squids,2019 MHW,IV,8.8483
Squids,2019 MHW,V,0.01035
Eulachon,2019 MHW,III,11.107
Eulachon,2019 MHW,IV,3.9462
Eulachon,2019 MHW,V,5.148e-05
Sea_otters,2019 MHW,III,3.387
Sea_otters,2019 MHW,IV,0.4595
Sea_otters,2019 MHW,V,0.04071
Sea_otters,2019 MHW,VI,0.003666
Sea_otters,2019 MHW,VII,5.159e-05
Deep _epibenthos,2019 MHW,II,57.368
Deep _epibenthos,2019 MHW,III,93.315
Deep _epibenthos,2019 MHW,IV,18.27
Deep _epibenthos,2019 MHW,V,2.5953
Deep _epibenthos,2019 MHW,VI,0.0009992
Capelin,2019 MHW,III,5.2069
Capelin,2019 MHW,IV,0.6404
Capelin,2019 MHW,V,0.0003318
Herring_L,2019 MHW,III,6.4423
Herring_L,2019 MHW,IV,0.6884
Herring_L,2019 MHW,V,0.0009889
Pollock_S,2019 MHW,III,2.3282
Pollock_S,2019 MHW,IV,0.1762
Invert_eat_seaduck,2019 MHW,III,0.02992
Invert_eat_seaduck,2019 MHW,IV,0.002876
Invert_eat_seaduck,2019 MHW,V,3.091e-05
Oystercatchers,2019 MHW,III,0.03359
Oystercatchers,2019 MHW,IV,0.002771
Oystercatchers,2019 MHW,V,4.784e-05
Sandlance,2019 MHW,III,6.9603
Sandlance,2019 MHW,IV,0.4307
Sandlance,2019 MHW,V,0.0007717
Sunflower_stars,2019 MHW,II,0.03389
Sunflower_stars,2019 MHW,III,2.101
Sunflower_stars,2019 MHW,IV,0.1558
Sunflower_stars,2019 MHW,V,0.0005479
Pisaster_Evasterias,2019 MHW,III,5.7224
Pisaster_Evasterias,2019 MHW,IV,0.776
Pisaster_Evasterias,2019 MHW,V,0.003115
Leather_stars,2019 MHW,III,6.1203
Leather_stars,2019 MHW,IV,0.5584
Leather_stars,2019 MHW,V,0.01082
Cucumbers,2019 MHW,II,1.3297
Urchins,2019 MHW,II,1.2332
Helmet_crab,2019 MHW,II,4.0986
Helmet_crab,2019 MHW,III,1.5993
Helmet_crab,2019 MHW,IV,0.1472
Helmet_crab,2019 MHW,V,0.002894
Herring_S,2019 MHW,III,9.3226
Herring_S,2019 MHW,IV,0.2396
Jellies,2019 MHW,II,7.9557
Jellies,2019 MHW,III,70.572
Jellies,2019 MHW,IV,4.9043
Deep_infauna_S,2019 MHW,II,540.88
Deep_infauna_S,2019 MHW,III,110.73
Deep_infauna_S,2019 MHW,IV,16.356
Zoopl_near_onmiv,2019 MHW,II,1.0138
Zoopl_near_onmiv,2019 MHW,III,0.3491
Zoop_omniv,2019 MHW,II,186.29
Zoop_omniv,2019 MHW,III,66.711
Shallow_infauna_S,2019 MHW,II,670.75
Meiofauna,2019 MHW,II,56.868
Deep_infauna_L,2019 MHW,II,349.15
Deep_infauna_L,2019 MHW,III,40.44
Snail_crust_S,2019 MHW,II,105.47
Snail_crust_S,2019 MHW,III,9.709
Snail_crust_S,2019 MHW,IV,0.1908
Mussels,2019 MHW,II,50.53
Mussels,2019 MHW,III,5.5183
Barnacles,2019 MHW,II,46.563
Barnacles,2019 MHW,III,8.1278
Shallow_infauna_clams,2019 MHW,II,161.69
Shallow_infauna_clams,2019 MHW,III,8.3655
Zoopl_near_herb,2019 MHW,II,112.95
Zoopl_herb,2019 MHW,II,644.85
Total,2019 MHW,II,3000.6
Total,2019 MHW,III,532.02
Total,2019 MHW,IV,102.03
Total,2019 MHW,V,11.843
Total,2019 MHW,VI,0.6292
Total,2019 MHW,VII,0.05523
Total,2019 MHW,VIII,0.002534
Total,2019 MHW,IX,4.311e-05
Total,2019 MHW,X,3e-08
